texto,categoria
quero um presente,presentes_tech
quero algo tecnologico,presentes_tech
quero presente barato,presentes_tech
quero um celular novo,smartphone
quero um fone de ouvido novo,audio
quero um smartwatch,smartwatch
quero um notebook para jogar,notebook
quero um notebook para trabalhar,notebook
quero um notebook para estudar,notebook
preciso de um celular bom,smartphone
celular top de linha,smartphone
celular barato,smartphone
smartphone com boa cÃ¢mera,smartphone
smartphone com boa bateria,smartphone
smartphone com bom desempenho,smartphone
smartphene,smartphone
celular,smartphone
notebook,notebook
notebook para jogos,notebook
notebook para trabalhar,notebook
notebook para estudar,notebook
notebook barato,notebook
notebook top de linha,notebook
notebook com boa placa de vÃ­deo,notebook
notebook com boa bateria,notebook
notebook com bom desempenho,notebook
notebook gamer,notebook
celular para jogos,smartphone
celular para trabalhar,smartphone
celular para estudar,smartphone
celular barato,smartphone
celular top de linha,smartphone
smartwatch,smartwatch
smartwatch barato,smartwatch
smartwatch top de linha,smartwatch
smartwatch com boa bateria,smartwatch
smartwatch com bom desempenho,smartwatch
smartwatch com boa tela,smartwatch
smartwatch para esportes,smartwatch
smartwatch para saÃºde,smartwatch
smartwatch para notificaÃ§Ãµes,smartwatch
iphone,smartphone
samsung,smartphone
xiaomi,smartphone
asus,notebook
lenovo,notebook
dell,notebook
hp,notebook
acer,notebook
apple,notebook
asus,notebook
lenovo,notebook
placa de vÃ­deo,acessorios
playstation,games
xbox,games
nintendo,games
console de jogos,games
controle de ps5,games
controle de xbox,games
controle de nintendo,games
quero um iphone barato,smartphone
quero um celular com 5g,smartphone
quero um smartphone para fotos,smartphone
celular com camera boa e barata,smartphone
melhor celular custo beneficio,smartphone
smartphone para redes sociais,smartphone
celular com muita memoria,smartphone
celular com 256gb,smartphone
celular com 128gb,smartphone
celular para trabalho e estudo,smartphone
celular rapido para jogos,smartphone
smartphone intermediario bom,smartphone
celular android bom,smartphone
iphone com boa bateria,smartphone
smartphone com carregamento rapido,smartphone
celular dual chip,smartphone
celular resistente a agua,smartphone
celular com tela grande,smartphone
celular compacto,smartphone
smartphone para gravar videos,smartphone
celular com nfc,smartphone
celular com bom som,smartphone
smartphone para uber,smartphone
celular para aplicativos de banco,smartphone
celular para criador de conteudo,smartphone
celular para streaming,smartphone
celular com camera frontal boa,smartphone
celular para videochamada,smartphone
celular com processador forte,smartphone
smartphone ate 1500 reais,smartphone
smartphone ate 2000 reais,smartphone
celular ate 1000 reais,smartphone
celular premium,smartphone
celular para presente,presentes_tech
smartphone para adolescente,smartphone
celular para idoso,smartphone
celular simples e bom,smartphone
celular com tela amoled,smartphone
celular com taxa de 120hz,smartphone
celular para jogar free fire,smartphone
celular para jogar cod mobile,smartphone
smartphone samsung bom,smartphone
smartphone xiaomi bom,smartphone
iphone novo promocao,smartphone
celular com otimo gps,smartphone
smartphone para viagem,smartphone
celular com espaco para muitos apps,smartphone
celular para gravar reels,smartphone
celular com melhor sinal,smartphone
smartphone desbloqueado,smartphone
notebook leve para faculdade,notebook
notebook para home office,notebook
notebook com ssd,notebook
notebook com 16gb de ram,notebook
notebook com 8gb de ram,notebook
notebook para edicao de video,notebook
notebook para programar,notebook
notebook para design grafico,notebook
notebook para usar autocad,notebook
notebook para planilhas pesadas,notebook
notebook barato para estudar,notebook
notebook intermediario,notebook
notebook premium,notebook
notebook com tela full hd,notebook
notebook com tela grande,notebook
notebook fino e leve,notebook
notebook com boa webcam,notebook
notebook com boa duracao de bateria,notebook
notebook com placa dedicada,notebook
notebook para jogar valorant,notebook
notebook para jogar gta,notebook
notebook com ryzen,notebook
notebook com intel i5,notebook
notebook com intel i7,notebook
notebook com ryzen 7,notebook
notebook para faculdade de engenharia,notebook
notebook para aulas online,notebook
notebook para trabalho remoto,notebook
notebook silencioso,notebook
notebook com teclado numerico,notebook
notebook com bom resfriamento,notebook
notebook para multitarefa,notebook
notebook para abrir muitas abas,notebook
notebook com 512gb ssd,notebook
notebook com 1tb ssd,notebook
notebook para photoshop,notebook
notebook para illustrator,notebook
notebook para edicao de fotos,notebook
notebook para criacao de conteudo,notebook
notebook com windows,notebook
macbook para trabalhar,notebook
notebook acer bom,notebook
notebook lenovo ideapad,notebook
notebook dell inspiron,notebook
notebook asus vivobook,notebook
notebook hp barato,notebook
notebook gamer com rtx,notebook
notebook bom para estudante,notebook
notebook para reunioes online,notebook
notebook custo beneficio,notebook
ps5 em promocao,games
xbox series s barato,games
xbox series x vale a pena,games
nintendo switch oled,games
console para jogar em familia,games
videogame para criancas,games
videogame para casal,games
console da nova geracao,games
melhor console para iniciantes,games
console com bom custo beneficio,games
controle extra para ps5,games
controle sem fio para xbox,games
joy con para nintendo switch,games
headset para ps5,games
headset gamer para xbox,games
carregador de controle xbox,games
base de carregamento para controle ps5,games
jogo de corrida para ps5,games
jogo de futebol para xbox,games
jogo infantil para switch,games
console portatil,games
videogame com graficos bons,games
videogame para jogar online,games
console para jogos exclusivos,games
console para fifa,games
console para call of duty,games
acessorios para playstation,games
acessorios para xbox,games
acessorios para nintendo,games
volante para ps5,games
volante para xbox,games
cadeira gamer para console,games
hd externo para xbox,games
armazenamento para ps5,games
suporte vertical para ps5,games
case para nintendo switch,games
pelicula para switch,games
dock para nintendo switch,games
gamepad para celular,smartphone
console retro,games
videogame retro com jogos,games
ps5 digital,games
ps5 com leitor,games
xbox game pass presente,presentes_tech
controle para pc estilo xbox,games
microfone para streaming no console,games
webcam para lives no console,games
monitor para ps5,games
monitor para xbox series x,games
melhor console para viajar,games
tablet para estudar,tablet
tablet para desenhar,tablet
tablet com caneta,tablet
tablet barato,tablet
ipad para trabalho,tablet
fone bluetooth barato,audio
fone sem fio com boa bateria,audio
headset gamer com microfone,audio
caixa de som bluetooth potente,audio
webcam full hd,criacao_conteudo
teclado mecanico,perifericos
mouse gamer rgb,perifericos
mouse sem fio silencioso,perifericos
monitor ultrawide,perifericos
monitor 144hz,perifericos
monitor para home office,perifericos
impressora wifi,perifericos
roteador wifi 6,casa_inteligente
repetidor de sinal wifi,casa_inteligente
hd externo 1tb,armazenamento
ssd externo rapido,armazenamento
pendrive 128gb,armazenamento
carregador turbo usb c,acessorios
cabo usb c resistente,acessorios
power bank grande,acessorios
suporte para notebook,notebook
hub usb para notebook,notebook
adaptador hdmi,acessorios
smart speaker,casa_inteligente
assistente virtual para casa,casa_inteligente
camera de seguranca wifi,casa_inteligente
lampada inteligente,casa_inteligente
tomada inteligente,casa_inteligente
smartwatch com gps,smartwatch
relogio inteligente para academia,smartwatch
pulseira inteligente barata,smartwatch
drone com camera,criacao_conteudo
mini projetor,criacao_conteudo
ring light para gravar videos,criacao_conteudo
microfone usb para pc,audio
suporte de celular para mesa,smartphone
mochila para notebook,notebook
cooler para notebook,notebook
estabilizador para eletronicos,acessorios
filtro de linha com usb,acessorios
leitor de cartao memoria,armazenamento
placa de captura,criacao_conteudo
cartao micro sd 256gb,armazenamento
adaptador bluetooth para pc,acessorios
cadeira gamer para escritorio,acessorios
